gen;TS;S;is_lim;p_lim;p0;
wind_2;2015-01-01T11:00:00;S4;false;20.000000;20.000000
wind_1;2015-01-01T11:00:00;S2;false;43.683000;41.168000
wind_1;2015-01-01T11:00:00;S4;false;43.683000;43.683000
wind_3;2015-01-01T11:00:00;S3;false;30.081671;23.470000
wind_2;2015-01-01T11:00:00;S2;false;20.000000;13.563000
wind_4;2015-01-01T11:00:00;S3;false;100.000000;100.000000
wind_1;2015-01-01T11:00:00;S3;false;43.683000;33.770000
wind_5;2015-01-01T11:00:00;S2;false;10.000000;10.000000
wind_4;2015-01-01T11:00:00;S4;false;100.000000;100.000000
wind_4;2015-01-01T11:00:00;S5;false;100.000000;100.000000
wind_1;2015-01-01T11:00:00;S5;false;43.683000;34.930000
wind_5;2015-01-01T11:00:00;S1;false;10.000000;10.000000
wind_1;2015-01-01T11:00:00;S1;false;43.683000;39.922000
wind_5;2015-01-01T11:00:00;S3;false;10.000000;10.000000
wind_3;2015-01-01T11:00:00;S1;false;30.081671;11.933000
wind_3;2015-01-01T11:00:00;S5;true;30.081671;37.181000
wind_3;2015-01-01T11:00:00;S2;false;30.081671;24.063000
wind_2;2015-01-01T11:00:00;S5;false;20.000000;20.000000
wind_2;2015-01-01T11:00:00;S3;false;20.000000;13.803000
wind_4;2015-01-01T11:00:00;S1;false;100.000000;64.594000
wind_4;2015-01-01T11:00:00;S2;false;100.000000;97.773000
wind_3;2015-01-01T11:00:00;S4;true;30.081671;34.936000
wind_5;2015-01-01T11:00:00;S4;false;10.000000;3.817000
wind_5;2015-01-01T11:00:00;S5;false;10.000000;5.201000
wind_2;2015-01-01T11:00:00;S1;false;20.000000;16.746000
